NAME,VALUE
Total Calories,2000.0000000000002
Total Calcium,799.9999999999999
Total Iron,11.278317739831893
Total Vit_A,8518.432542485823
Total Dietary_Fiber,25.0
Total Carbohydrates,256.80576358904455
Total Protein,51.17372234135308
Minimal cost,2.6904091717
