inputml,value
M-01,10.957642675191995
M-02,9.111248912252059
M-03,8.92927263831356
M-04,6.44513699971903
M-05,7.68816400594281
