Subsidiaries,value
Filial 10,687891.8116278648
Filial 11,662262.4760171771
Filial 12,120028.2978745699
